{"model": "SVC", "hash": "095002e11f603fcdf64b5dd2d35214d4", "accuracy": 0.9791666666666666, "precision": 0.9791355518920525, "recall": 0.9791666666666666, "f1": 0.9791112517255902}